Área;SubÁrea;Títulos;Resumo
Aeronáutica, Espaço e Tecnologia ;Aeronáutica;1 Análise da Gestão e da Estrutura da Atual Sociedade dos Cadetes da Aeronáutica;1 Análise da Gestão e da Estrutura da Atual Sociedade dos Cadetes da AeronáuticaAnálise da Gestão e da Estrutura da Atual Sociedade dos Cadetes da AeronáuticaAnálise da Gestão e da Estrutura da Atual Sociedade dos Cadetes da AeronáuticaAnálise da Gestão e da Estrutura da Atual Sociedade dos Cadetes da AeronáuticaAnálise da Gestão e da Estrutura da Atual Sociedade dos Cadetes da AeronáuticaAnálise da Gestão e da Estrutura da Atual Sociedade dos Cadetes da AeronáuticaAnálise da Gestão e da Estrutura da Atual Sociedade dos Cadetes da AeronáuticaAnálise da Gestão e da Estrutura da Atual Sociedade dos Cadetes da AeronáuticaAnálise da Gestão e da Estrutura da Atual Sociedade dos Cadetes da AeronáuticaAnálise da Gestão e da Estrutura da Atual Sociedade dos Cadetes da AeronáuticaAnálise da Gestão e da Estrutura da Atual Sociedade dos Cadetes da AeronáuticaAnálise da Gestão e da Estrutura da Atual Sociedade dos Cadetes da AeronáuticaAnálise da Gestão e da Estrutura da Atual Sociedade dos Cadetes da AeronáuticaAnálise da Gestão e da Estrutura da Atual Sociedade dos Cadetes da Aeronáutica
Aeronáutica, Espaço e Tecnologia ;Plataformas aéreas não tripuladas;1 Análise da Capacitação Física do Operador Terrestre no Emprego da Infantaria da Aeronáutica em Combates Urbanos;2 Análise da Gestão e da Estrutura da Atual Sociedade dos Cadetes da AeronáuticaAnálise da Gestão e da Estrutura da Atual Sociedade dos Cadetes da AeronáuticaAnálise da Gestão e da Estrutura da Atual Sociedade dos Cadetes da AeronáuticaAnálise da Gestão e da Estrutura da Atual Sociedade dos Cadetes da AeronáuticaAnálise da Gestão e da Estrutura da Atual Sociedade dos Cadetes da AeronáuticaAnálise da Gestão e da Estrutura da Atual Sociedade dos Cadetes da AeronáuticaAnálise da Gestão e da Estrutura da Atual Sociedade dos Cadetes da AeronáuticaAnálise da Gestão e da Estrutura da Atual Sociedade dos Cadetes da AeronáuticaAnálise da Gestão e da Estrutura da Atual Sociedade dos Cadetes da AeronáuticaAnálise da Gestão e da Estrutura da Atual Sociedade dos Cadetes da AeronáuticaAnálise da Gestão e da Estrutura da Atual Sociedade dos Cadetes da AeronáuticaAnálise da Gestão e da Estrutura da Atual Sociedade dos Cadetes da AeronáuticaAnálise da Gestão e da Estrutura da Atual Sociedade dos Cadetes da AeronáuticaAnálise da Gestão e da Estrutura da Atual Sociedade dos Cadetes da Aeronáutica
Aeronáutica, Espaço e Tecnologia ;Cibernética;1 Hidratação Corpórea e Fadiga na Operação Aérea da AFA;3 Análise da Gestão e da Estrutura da Atual Sociedade dos Cadetes da AeronáuticaAnálise da Gestão e da Estrutura da Atual Sociedade dos Cadetes da AeronáuticaAnálise da Gestão e da Estrutura da Atual Sociedade dos Cadetes da AeronáuticaAnálise da Gestão e da Estrutura da Atual Sociedade dos Cadetes da AeronáuticaAnálise da Gestão e da Estrutura da Atual Sociedade dos Cadetes da AeronáuticaAnálise da Gestão e da Estrutura da Atual Sociedade dos Cadetes da AeronáuticaAnálise da Gestão e da Estrutura da Atual Sociedade dos Cadetes da AeronáuticaAnálise da Gestão e da Estrutura da Atual Sociedade dos Cadetes da AeronáuticaAnálise da Gestão e da Estrutura da Atual Sociedade dos Cadetes da AeronáuticaAnálise da Gestão e da Estrutura da Atual Sociedade dos Cadetes da AeronáuticaAnálise da Gestão e da Estrutura da Atual Sociedade dos Cadetes da AeronáuticaAnálise da Gestão e da Estrutura da Atual Sociedade dos Cadetes da AeronáuticaAnálise da Gestão e da Estrutura da Atual Sociedade dos Cadetes da AeronáuticaAnálise da Gestão e da Estrutura da Atual Sociedade dos Cadetes da Aeronáutica
Aeronáutica, Espaço e Tecnologia ;Guerra eletrônica;1 Atividade Física como Fator Cooperativo no Desempenho Operacional do Militar;4 Análise da Gestão e da Estrutura da Atual Sociedade dos Cadetes da AeronáuticaAnálise da Gestão e da Estrutura da Atual Sociedade dos Cadetes da AeronáuticaAnálise da Gestão e da Estrutura da Atual Sociedade dos Cadetes da AeronáuticaAnálise da Gestão e da Estrutura da Atual Sociedade dos Cadetes da AeronáuticaAnálise da Gestão e da Estrutura da Atual Sociedade dos Cadetes da AeronáuticaAnálise da Gestão e da Estrutura da Atual Sociedade dos Cadetes da AeronáuticaAnálise da Gestão e da Estrutura da Atual Sociedade dos Cadetes da AeronáuticaAnálise da Gestão e da Estrutura da Atual Sociedade dos Cadetes da AeronáuticaAnálise da Gestão e da Estrutura da Atual Sociedade dos Cadetes da AeronáuticaAnálise da Gestão e da Estrutura da Atual Sociedade dos Cadetes da AeronáuticaAnálise da Gestão e da Estrutura da Atual Sociedade dos Cadetes da AeronáuticaAnálise da Gestão e da Estrutura da Atual Sociedade dos Cadetes da AeronáuticaAnálise da Gestão e da Estrutura da Atual Sociedade dos Cadetes da AeronáuticaAnálise da Gestão e da Estrutura da Atual Sociedade dos Cadetes da Aeronáutica
Aeronáutica, Espaço e Tecnologia ;Tecnologias da informação;1 Análise da Relação entre o Estado de Condicionamento e o Novo Programa de Instrução Aérea na Formação de Aviadores da Academia da Força Aérea;5 Análise da Gestão e da Estrutura da Atual Sociedade dos Cadetes da AeronáuticaAnálise da Gestão e da Estrutura da Atual Sociedade dos Cadetes da AeronáuticaAnálise da Gestão e da Estrutura da Atual Sociedade dos Cadetes da AeronáuticaAnálise da Gestão e da Estrutura da Atual Sociedade dos Cadetes da AeronáuticaAnálise da Gestão e da Estrutura da Atual Sociedade dos Cadetes da AeronáuticaAnálise da Gestão e da Estrutura da Atual Sociedade dos Cadetes da AeronáuticaAnálise da Gestão e da Estrutura da Atual Sociedade dos Cadetes da AeronáuticaAnálise da Gestão e da Estrutura da Atual Sociedade dos Cadetes da AeronáuticaAnálise da Gestão e da Estrutura da Atual Sociedade dos Cadetes da AeronáuticaAnálise da Gestão e da Estrutura da Atual Sociedade dos Cadetes da AeronáuticaAnálise da Gestão e da Estrutura da Atual Sociedade dos Cadetes da AeronáuticaAnálise da Gestão e da Estrutura da Atual Sociedade dos Cadetes da AeronáuticaAnálise da Gestão e da Estrutura da Atual Sociedade dos Cadetes da AeronáuticaAnálise da Gestão e da Estrutura da Atual Sociedade dos Cadetes da Aeronáutica
Aeronáutica, Espaço e Tecnologia ;Sensoriamento remoto;2 Análise Pedagógica e Estatística do Curso de Formação de Oficiais Aviadores;6 Análise da Gestão e da Estrutura da Atual Sociedade dos Cadetes da AeronáuticaAnálise da Gestão e da Estrutura da Atual Sociedade dos Cadetes da AeronáuticaAnálise da Gestão e da Estrutura da Atual Sociedade dos Cadetes da AeronáuticaAnálise da Gestão e da Estrutura da Atual Sociedade dos Cadetes da AeronáuticaAnálise da Gestão e da Estrutura da Atual Sociedade dos Cadetes da AeronáuticaAnálise da Gestão e da Estrutura da Atual Sociedade dos Cadetes da AeronáuticaAnálise da Gestão e da Estrutura da Atual Sociedade dos Cadetes da AeronáuticaAnálise da Gestão e da Estrutura da Atual Sociedade dos Cadetes da AeronáuticaAnálise da Gestão e da Estrutura da Atual Sociedade dos Cadetes da AeronáuticaAnálise da Gestão e da Estrutura da Atual Sociedade dos Cadetes da AeronáuticaAnálise da Gestão e da Estrutura da Atual Sociedade dos Cadetes da AeronáuticaAnálise da Gestão e da Estrutura da Atual Sociedade dos Cadetes da AeronáuticaAnálise da Gestão e da Estrutura da Atual Sociedade dos Cadetes da AeronáuticaAnálise da Gestão e da Estrutura da Atual Sociedade dos Cadetes da Aeronáutica
Aeronáutica, Espaço e Tecnologia ;Sensores de posicionamento e localização;2 A influência dos Simuladores de Tiro na Formação do Oficial de Infantaria;7 Análise da Gestão e da Estrutura da Atual Sociedade dos Cadetes da AeronáuticaAnálise da Gestão e da Estrutura da Atual Sociedade dos Cadetes da AeronáuticaAnálise da Gestão e da Estrutura da Atual Sociedade dos Cadetes da AeronáuticaAnálise da Gestão e da Estrutura da Atual Sociedade dos Cadetes da AeronáuticaAnálise da Gestão e da Estrutura da Atual Sociedade dos Cadetes da AeronáuticaAnálise da Gestão e da Estrutura da Atual Sociedade dos Cadetes da AeronáuticaAnálise da Gestão e da Estrutura da Atual Sociedade dos Cadetes da AeronáuticaAnálise da Gestão e da Estrutura da Atual Sociedade dos Cadetes da AeronáuticaAnálise da Gestão e da Estrutura da Atual Sociedade dos Cadetes da AeronáuticaAnálise da Gestão e da Estrutura da Atual Sociedade dos Cadetes da AeronáuticaAnálise da Gestão e da Estrutura da Atual Sociedade dos Cadetes da AeronáuticaAnálise da Gestão e da Estrutura da Atual Sociedade dos Cadetes da AeronáuticaAnálise da Gestão e da Estrutura da Atual Sociedade dos Cadetes da AeronáuticaAnálise da Gestão e da Estrutura da Atual Sociedade dos Cadetes da Aeronáutica
Aeronáutica, Espaço e Tecnologia ;Radiação ionizante;2 Defesa QBRN e Guerra de 4ª Geração: A Vulnerabilidade do Brasil perante o Crescente Terrorismo no Mundo Atual;8 Análise da Gestão e da Estrutura da Atual Sociedade dos Cadetes da AeronáuticaAnálise da Gestão e da Estrutura da Atual Sociedade dos Cadetes da AeronáuticaAnálise da Gestão e da Estrutura da Atual Sociedade dos Cadetes da AeronáuticaAnálise da Gestão e da Estrutura da Atual Sociedade dos Cadetes da AeronáuticaAnálise da Gestão e da Estrutura da Atual Sociedade dos Cadetes da AeronáuticaAnálise da Gestão e da Estrutura da Atual Sociedade dos Cadetes da AeronáuticaAnálise da Gestão e da Estrutura da Atual Sociedade dos Cadetes da AeronáuticaAnálise da Gestão e da Estrutura da Atual Sociedade dos Cadetes da AeronáuticaAnálise da Gestão e da Estrutura da Atual Sociedade dos Cadetes da AeronáuticaAnálise da Gestão e da Estrutura da Atual Sociedade dos Cadetes da AeronáuticaAnálise da Gestão e da Estrutura da Atual Sociedade dos Cadetes da AeronáuticaAnálise da Gestão e da Estrutura da Atual Sociedade dos Cadetes da AeronáuticaAnálise da Gestão e da Estrutura da Atual Sociedade dos Cadetes da AeronáuticaAnálise da Gestão e da Estrutura da Atual Sociedade dos Cadetes da Aeronáutica
Aeronáutica, Espaço e Tecnologia ;Enlace de dados;2 O Desenvolvimento do Setor Aeroespacial Brasileiro: Uma comparação com Austrália e Canadá Analisando Programas de Satélite de Observação Terrestre;9 Análise da Gestão e da Estrutura da Atual Sociedade dos Cadetes da AeronáuticaAnálise da Gestão e da Estrutura da Atual Sociedade dos Cadetes da AeronáuticaAnálise da Gestão e da Estrutura da Atual Sociedade dos Cadetes da AeronáuticaAnálise da Gestão e da Estrutura da Atual Sociedade dos Cadetes da AeronáuticaAnálise da Gestão e da Estrutura da Atual Sociedade dos Cadetes da AeronáuticaAnálise da Gestão e da Estrutura da Atual Sociedade dos Cadetes da AeronáuticaAnálise da Gestão e da Estrutura da Atual Sociedade dos Cadetes da AeronáuticaAnálise da Gestão e da Estrutura da Atual Sociedade dos Cadetes da AeronáuticaAnálise da Gestão e da Estrutura da Atual Sociedade dos Cadetes da AeronáuticaAnálise da Gestão e da Estrutura da Atual Sociedade dos Cadetes da AeronáuticaAnálise da Gestão e da Estrutura da Atual Sociedade dos Cadetes da AeronáuticaAnálise da Gestão e da Estrutura da Atual Sociedade dos Cadetes da AeronáuticaAnálise da Gestão e da Estrutura da Atual Sociedade dos Cadetes da AeronáuticaAnálise da Gestão e da Estrutura da Atual Sociedade dos Cadetes da Aeronáutica
Aeronáutica, Espaço e Tecnologia ;Energia alternativa e energia direta;2 As Estratégias de Marketing e Comunicação Utilizadas pela FAB;10 Análise da Gestão e da Estrutura da Atual Sociedade dos Cadetes da AeronáuticaAnálise da Gestão e da Estrutura da Atual Sociedade dos Cadetes da AeronáuticaAnálise da Gestão e da Estrutura da Atual Sociedade dos Cadetes da AeronáuticaAnálise da Gestão e da Estrutura da Atual Sociedade dos Cadetes da AeronáuticaAnálise da Gestão e da Estrutura da Atual Sociedade dos Cadetes da AeronáuticaAnálise da Gestão e da Estrutura da Atual Sociedade dos Cadetes da AeronáuticaAnálise da Gestão e da Estrutura da Atual Sociedade dos Cadetes da AeronáuticaAnálise da Gestão e da Estrutura da Atual Sociedade dos Cadetes da AeronáuticaAnálise da Gestão e da Estrutura da Atual Sociedade dos Cadetes da AeronáuticaAnálise da Gestão e da Estrutura da Atual Sociedade dos Cadetes da AeronáuticaAnálise da Gestão e da Estrutura da Atual Sociedade dos Cadetes da AeronáuticaAnálise da Gestão e da Estrutura da Atual Sociedade dos Cadetes da AeronáuticaAnálise da Gestão e da Estrutura da Atual Sociedade dos Cadetes da AeronáuticaAnálise da Gestão e da Estrutura da Atual Sociedade dos Cadetes da Aeronáutica
Logística e Gestão ;Logística e logística militar;2 O Endomarketing na Infantaria da Aeronáutica;11 Análise da Gestão e da Estrutura da Atual Sociedade dos Cadetes da AeronáuticaAnálise da Gestão e da Estrutura da Atual Sociedade dos Cadetes da AeronáuticaAnálise da Gestão e da Estrutura da Atual Sociedade dos Cadetes da AeronáuticaAnálise da Gestão e da Estrutura da Atual Sociedade dos Cadetes da AeronáuticaAnálise da Gestão e da Estrutura da Atual Sociedade dos Cadetes da AeronáuticaAnálise da Gestão e da Estrutura da Atual Sociedade dos Cadetes da AeronáuticaAnálise da Gestão e da Estrutura da Atual Sociedade dos Cadetes da AeronáuticaAnálise da Gestão e da Estrutura da Atual Sociedade dos Cadetes da AeronáuticaAnálise da Gestão e da Estrutura da Atual Sociedade dos Cadetes da AeronáuticaAnálise da Gestão e da Estrutura da Atual Sociedade dos Cadetes da AeronáuticaAnálise da Gestão e da Estrutura da Atual Sociedade dos Cadetes da AeronáuticaAnálise da Gestão e da Estrutura da Atual Sociedade dos Cadetes da AeronáuticaAnálise da Gestão e da Estrutura da Atual Sociedade dos Cadetes da AeronáuticaAnálise da Gestão e da Estrutura da Atual Sociedade dos Cadetes da Aeronáutica
Logística e Gestão ;Gestão de Organizações Militares;3 A Ética Cristã e a Guerra: Contribuições de C. S. Lewis e Dietrich Bonhoeffer no Contexto da Segunda Guerra Mundial;12 Análise da Gestão e da Estrutura da Atual Sociedade dos Cadetes da AeronáuticaAnálise da Gestão e da Estrutura da Atual Sociedade dos Cadetes da AeronáuticaAnálise da Gestão e da Estrutura da Atual Sociedade dos Cadetes da AeronáuticaAnálise da Gestão e da Estrutura da Atual Sociedade dos Cadetes da AeronáuticaAnálise da Gestão e da Estrutura da Atual Sociedade dos Cadetes da AeronáuticaAnálise da Gestão e da Estrutura da Atual Sociedade dos Cadetes da AeronáuticaAnálise da Gestão e da Estrutura da Atual Sociedade dos Cadetes da AeronáuticaAnálise da Gestão e da Estrutura da Atual Sociedade dos Cadetes da AeronáuticaAnálise da Gestão e da Estrutura da Atual Sociedade dos Cadetes da AeronáuticaAnálise da Gestão e da Estrutura da Atual Sociedade dos Cadetes da AeronáuticaAnálise da Gestão e da Estrutura da Atual Sociedade dos Cadetes da AeronáuticaAnálise da Gestão e da Estrutura da Atual Sociedade dos Cadetes da AeronáuticaAnálise da Gestão e da Estrutura da Atual Sociedade dos Cadetes da AeronáuticaAnálise da Gestão e da Estrutura da Atual Sociedade dos Cadetes da Aeronáutica
Logística e Gestão ;Operações de paz/internacionais;3 A Inteligência Emocional como Competência Essencial nas Atividades Realizadas pelos Oficiais Aviadores;13 Análise da Gestão e da Estrutura da Atual Sociedade dos Cadetes da AeronáuticaAnálise da Gestão e da Estrutura da Atual Sociedade dos Cadetes da AeronáuticaAnálise da Gestão e da Estrutura da Atual Sociedade dos Cadetes da AeronáuticaAnálise da Gestão e da Estrutura da Atual Sociedade dos Cadetes da AeronáuticaAnálise da Gestão e da Estrutura da Atual Sociedade dos Cadetes da AeronáuticaAnálise da Gestão e da Estrutura da Atual Sociedade dos Cadetes da AeronáuticaAnálise da Gestão e da Estrutura da Atual Sociedade dos Cadetes da AeronáuticaAnálise da Gestão e da Estrutura da Atual Sociedade dos Cadetes da AeronáuticaAnálise da Gestão e da Estrutura da Atual Sociedade dos Cadetes da AeronáuticaAnálise da Gestão e da Estrutura da Atual Sociedade dos Cadetes da AeronáuticaAnálise da Gestão e da Estrutura da Atual Sociedade dos Cadetes da AeronáuticaAnálise da Gestão e da Estrutura da Atual Sociedade dos Cadetes da AeronáuticaAnálise da Gestão e da Estrutura da Atual Sociedade dos Cadetes da AeronáuticaAnálise da Gestão e da Estrutura da Atual Sociedade dos Cadetes da Aeronáutica
Logística e Gestão ;Doutrina militar;3 Análise da Gestão de Resíduos no Corpo de Cadetes da Aeronáutica da Academia da Força Aérea.;14 Análise da Gestão e da Estrutura da Atual Sociedade dos Cadetes da AeronáuticaAnálise da Gestão e da Estrutura da Atual Sociedade dos Cadetes da AeronáuticaAnálise da Gestão e da Estrutura da Atual Sociedade dos Cadetes da AeronáuticaAnálise da Gestão e da Estrutura da Atual Sociedade dos Cadetes da AeronáuticaAnálise da Gestão e da Estrutura da Atual Sociedade dos Cadetes da AeronáuticaAnálise da Gestão e da Estrutura da Atual Sociedade dos Cadetes da AeronáuticaAnálise da Gestão e da Estrutura da Atual Sociedade dos Cadetes da AeronáuticaAnálise da Gestão e da Estrutura da Atual Sociedade dos Cadetes da AeronáuticaAnálise da Gestão e da Estrutura da Atual Sociedade dos Cadetes da AeronáuticaAnálise da Gestão e da Estrutura da Atual Sociedade dos Cadetes da AeronáuticaAnálise da Gestão e da Estrutura da Atual Sociedade dos Cadetes da AeronáuticaAnálise da Gestão e da Estrutura da Atual Sociedade dos Cadetes da AeronáuticaAnálise da Gestão e da Estrutura da Atual Sociedade dos Cadetes da AeronáuticaAnálise da Gestão e da Estrutura da Atual Sociedade dos Cadetes da Aeronáutica
Logística e Gestão ;Análise operacional e apoio à decisão;3 Armas Químicas: A Utilização de Gases de Guerra ao Longo da História;15 Análise da Gestão e da Estrutura da Atual Sociedade dos Cadetes da AeronáuticaAnálise da Gestão e da Estrutura da Atual Sociedade dos Cadetes da AeronáuticaAnálise da Gestão e da Estrutura da Atual Sociedade dos Cadetes da AeronáuticaAnálise da Gestão e da Estrutura da Atual Sociedade dos Cadetes da AeronáuticaAnálise da Gestão e da Estrutura da Atual Sociedade dos Cadetes da AeronáuticaAnálise da Gestão e da Estrutura da Atual Sociedade dos Cadetes da AeronáuticaAnálise da Gestão e da Estrutura da Atual Sociedade dos Cadetes da AeronáuticaAnálise da Gestão e da Estrutura da Atual Sociedade dos Cadetes da AeronáuticaAnálise da Gestão e da Estrutura da Atual Sociedade dos Cadetes da AeronáuticaAnálise da Gestão e da Estrutura da Atual Sociedade dos Cadetes da AeronáuticaAnálise da Gestão e da Estrutura da Atual Sociedade dos Cadetes da AeronáuticaAnálise da Gestão e da Estrutura da Atual Sociedade dos Cadetes da AeronáuticaAnálise da Gestão e da Estrutura da Atual Sociedade dos Cadetes da AeronáuticaAnálise da Gestão e da Estrutura da Atual Sociedade dos Cadetes da Aeronáutica
Poder Militar;Segurança e defesa;3 A Implementação da Navegação Aérea Baseada em Performance no CFOAV;16 Análise da Gestão e da Estrutura da Atual Sociedade dos Cadetes da AeronáuticaAnálise da Gestão e da Estrutura da Atual Sociedade dos Cadetes da AeronáuticaAnálise da Gestão e da Estrutura da Atual Sociedade dos Cadetes da AeronáuticaAnálise da Gestão e da Estrutura da Atual Sociedade dos Cadetes da AeronáuticaAnálise da Gestão e da Estrutura da Atual Sociedade dos Cadetes da AeronáuticaAnálise da Gestão e da Estrutura da Atual Sociedade dos Cadetes da AeronáuticaAnálise da Gestão e da Estrutura da Atual Sociedade dos Cadetes da AeronáuticaAnálise da Gestão e da Estrutura da Atual Sociedade dos Cadetes da AeronáuticaAnálise da Gestão e da Estrutura da Atual Sociedade dos Cadetes da AeronáuticaAnálise da Gestão e da Estrutura da Atual Sociedade dos Cadetes da AeronáuticaAnálise da Gestão e da Estrutura da Atual Sociedade dos Cadetes da AeronáuticaAnálise da Gestão e da Estrutura da Atual Sociedade dos Cadetes da AeronáuticaAnálise da Gestão e da Estrutura da Atual Sociedade dos Cadetes da AeronáuticaAnálise da Gestão e da Estrutura da Atual Sociedade dos Cadetes da Aeronáutica
Poder Militar;Armamentos aéreos;4 As Consequências da Produção e Utilização de Armas Químicas, com ênfase no Gás Sarin;17 Análise da Gestão e da Estrutura da Atual Sociedade dos Cadetes da AeronáuticaAnálise da Gestão e da Estrutura da Atual Sociedade dos Cadetes da AeronáuticaAnálise da Gestão e da Estrutura da Atual Sociedade dos Cadetes da AeronáuticaAnálise da Gestão e da Estrutura da Atual Sociedade dos Cadetes da AeronáuticaAnálise da Gestão e da Estrutura da Atual Sociedade dos Cadetes da AeronáuticaAnálise da Gestão e da Estrutura da Atual Sociedade dos Cadetes da AeronáuticaAnálise da Gestão e da Estrutura da Atual Sociedade dos Cadetes da AeronáuticaAnálise da Gestão e da Estrutura da Atual Sociedade dos Cadetes da AeronáuticaAnálise da Gestão e da Estrutura da Atual Sociedade dos Cadetes da AeronáuticaAnálise da Gestão e da Estrutura da Atual Sociedade dos Cadetes da AeronáuticaAnálise da Gestão e da Estrutura da Atual Sociedade dos Cadetes da AeronáuticaAnálise da Gestão e da Estrutura da Atual Sociedade dos Cadetes da AeronáuticaAnálise da Gestão e da Estrutura da Atual Sociedade dos Cadetes da AeronáuticaAnálise da Gestão e da Estrutura da Atual Sociedade dos Cadetes da Aeronáutica
Poder Militar;Sistemas antiaéreos;4 Integração entre as Forças Armadas para Melhorar as Operações Conjuntas;18 Análise da Gestão e da Estrutura da Atual Sociedade dos Cadetes da AeronáuticaAnálise da Gestão e da Estrutura da Atual Sociedade dos Cadetes da AeronáuticaAnálise da Gestão e da Estrutura da Atual Sociedade dos Cadetes da AeronáuticaAnálise da Gestão e da Estrutura da Atual Sociedade dos Cadetes da AeronáuticaAnálise da Gestão e da Estrutura da Atual Sociedade dos Cadetes da AeronáuticaAnálise da Gestão e da Estrutura da Atual Sociedade dos Cadetes da AeronáuticaAnálise da Gestão e da Estrutura da Atual Sociedade dos Cadetes da AeronáuticaAnálise da Gestão e da Estrutura da Atual Sociedade dos Cadetes da AeronáuticaAnálise da Gestão e da Estrutura da Atual Sociedade dos Cadetes da AeronáuticaAnálise da Gestão e da Estrutura da Atual Sociedade dos Cadetes da AeronáuticaAnálise da Gestão e da Estrutura da Atual Sociedade dos Cadetes da AeronáuticaAnálise da Gestão e da Estrutura da Atual Sociedade dos Cadetes da AeronáuticaAnálise da Gestão e da Estrutura da Atual Sociedade dos Cadetes da AeronáuticaAnálise da Gestão e da Estrutura da Atual Sociedade dos Cadetes da Aeronáutica
Poder Militar;Relações internacionais;4 A FAB e os SARP no século XXI: considerações acerca do emprego no nível tático;19 Análise da Gestão e da Estrutura da Atual Sociedade dos Cadetes da AeronáuticaAnálise da Gestão e da Estrutura da Atual Sociedade dos Cadetes da AeronáuticaAnálise da Gestão e da Estrutura da Atual Sociedade dos Cadetes da AeronáuticaAnálise da Gestão e da Estrutura da Atual Sociedade dos Cadetes da AeronáuticaAnálise da Gestão e da Estrutura da Atual Sociedade dos Cadetes da AeronáuticaAnálise da Gestão e da Estrutura da Atual Sociedade dos Cadetes da AeronáuticaAnálise da Gestão e da Estrutura da Atual Sociedade dos Cadetes da AeronáuticaAnálise da Gestão e da Estrutura da Atual Sociedade dos Cadetes da AeronáuticaAnálise da Gestão e da Estrutura da Atual Sociedade dos Cadetes da AeronáuticaAnálise da Gestão e da Estrutura da Atual Sociedade dos Cadetes da AeronáuticaAnálise da Gestão e da Estrutura da Atual Sociedade dos Cadetes da AeronáuticaAnálise da Gestão e da Estrutura da Atual Sociedade dos Cadetes da AeronáuticaAnálise da Gestão e da Estrutura da Atual Sociedade dos Cadetes da AeronáuticaAnálise da Gestão e da Estrutura da Atual Sociedade dos Cadetes da Aeronáutica
Poder Militar;Inteligência;4 Aquisição de veículos blindados de transporte de pessoal pela Aeronáutica: Uma Necessidade?;20 Análise da Gestão e da Estrutura da Atual Sociedade dos Cadetes da AeronáuticaAnálise da Gestão e da Estrutura da Atual Sociedade dos Cadetes da AeronáuticaAnálise da Gestão e da Estrutura da Atual Sociedade dos Cadetes da AeronáuticaAnálise da Gestão e da Estrutura da Atual Sociedade dos Cadetes da AeronáuticaAnálise da Gestão e da Estrutura da Atual Sociedade dos Cadetes da AeronáuticaAnálise da Gestão e da Estrutura da Atual Sociedade dos Cadetes da AeronáuticaAnálise da Gestão e da Estrutura da Atual Sociedade dos Cadetes da AeronáuticaAnálise da Gestão e da Estrutura da Atual Sociedade dos Cadetes da AeronáuticaAnálise da Gestão e da Estrutura da Atual Sociedade dos Cadetes da AeronáuticaAnálise da Gestão e da Estrutura da Atual Sociedade dos Cadetes da AeronáuticaAnálise da Gestão e da Estrutura da Atual Sociedade dos Cadetes da AeronáuticaAnálise da Gestão e da Estrutura da Atual Sociedade dos Cadetes da AeronáuticaAnálise da Gestão e da Estrutura da Atual Sociedade dos Cadetes da AeronáuticaAnálise da Gestão e da Estrutura da Atual Sociedade dos Cadetes da Aeronáutica
Poder Militar;Biossegurança;4 Os desafios nas atualizações dos vetores de patrulhamento marítimo no Brasil frente ao desenvolvimento mundial;21 Análise da Gestão e da Estrutura da Atual Sociedade dos Cadetes da AeronáuticaAnálise da Gestão e da Estrutura da Atual Sociedade dos Cadetes da AeronáuticaAnálise da Gestão e da Estrutura da Atual Sociedade dos Cadetes da AeronáuticaAnálise da Gestão e da Estrutura da Atual Sociedade dos Cadetes da AeronáuticaAnálise da Gestão e da Estrutura da Atual Sociedade dos Cadetes da AeronáuticaAnálise da Gestão e da Estrutura da Atual Sociedade dos Cadetes da AeronáuticaAnálise da Gestão e da Estrutura da Atual Sociedade dos Cadetes da AeronáuticaAnálise da Gestão e da Estrutura da Atual Sociedade dos Cadetes da AeronáuticaAnálise da Gestão e da Estrutura da Atual Sociedade dos Cadetes da AeronáuticaAnálise da Gestão e da Estrutura da Atual Sociedade dos Cadetes da AeronáuticaAnálise da Gestão e da Estrutura da Atual Sociedade dos Cadetes da AeronáuticaAnálise da Gestão e da Estrutura da Atual Sociedade dos Cadetes da AeronáuticaAnálise da Gestão e da Estrutura da Atual Sociedade dos Cadetes da AeronáuticaAnálise da Gestão e da Estrutura da Atual Sociedade dos Cadetes da Aeronáutica
Poder Militar;Defesa QBRN (Química, Biológica, Radiológica e Nuclear) e ações de proteção ao Terrorismo;4 Liderança: Aplicação do método transformacional na formação do cadete da Aeronáutica;22 Análise da Gestão e da Estrutura da Atual Sociedade dos Cadetes da AeronáuticaAnálise da Gestão e da Estrutura da Atual Sociedade dos Cadetes da AeronáuticaAnálise da Gestão e da Estrutura da Atual Sociedade dos Cadetes da AeronáuticaAnálise da Gestão e da Estrutura da Atual Sociedade dos Cadetes da AeronáuticaAnálise da Gestão e da Estrutura da Atual Sociedade dos Cadetes da AeronáuticaAnálise da Gestão e da Estrutura da Atual Sociedade dos Cadetes da AeronáuticaAnálise da Gestão e da Estrutura da Atual Sociedade dos Cadetes da AeronáuticaAnálise da Gestão e da Estrutura da Atual Sociedade dos Cadetes da AeronáuticaAnálise da Gestão e da Estrutura da Atual Sociedade dos Cadetes da AeronáuticaAnálise da Gestão e da Estrutura da Atual Sociedade dos Cadetes da AeronáuticaAnálise da Gestão e da Estrutura da Atual Sociedade dos Cadetes da AeronáuticaAnálise da Gestão e da Estrutura da Atual Sociedade dos Cadetes da AeronáuticaAnálise da Gestão e da Estrutura da Atual Sociedade dos Cadetes da AeronáuticaAnálise da Gestão e da Estrutura da Atual Sociedade dos Cadetes da Aeronáutica
Poder Militar;Insurgência e Crime Organizado;5 A liderança e a Motivação na Gestão de Equipes na Produção de Alimentos;23 Análise da Gestão e da Estrutura da Atual Sociedade dos Cadetes da AeronáuticaAnálise da Gestão e da Estrutura da Atual Sociedade dos Cadetes da AeronáuticaAnálise da Gestão e da Estrutura da Atual Sociedade dos Cadetes da AeronáuticaAnálise da Gestão e da Estrutura da Atual Sociedade dos Cadetes da AeronáuticaAnálise da Gestão e da Estrutura da Atual Sociedade dos Cadetes da AeronáuticaAnálise da Gestão e da Estrutura da Atual Sociedade dos Cadetes da AeronáuticaAnálise da Gestão e da Estrutura da Atual Sociedade dos Cadetes da AeronáuticaAnálise da Gestão e da Estrutura da Atual Sociedade dos Cadetes da AeronáuticaAnálise da Gestão e da Estrutura da Atual Sociedade dos Cadetes da AeronáuticaAnálise da Gestão e da Estrutura da Atual Sociedade dos Cadetes da AeronáuticaAnálise da Gestão e da Estrutura da Atual Sociedade dos Cadetes da AeronáuticaAnálise da Gestão e da Estrutura da Atual Sociedade dos Cadetes da AeronáuticaAnálise da Gestão e da Estrutura da Atual Sociedade dos Cadetes da AeronáuticaAnálise da Gestão e da Estrutura da Atual Sociedade dos Cadetes da Aeronáutica
Poder Militar;Desempenho humano operacional;5 A Gestão de Resíduos Sólidos na Seção de Subsistência da Academia da Força Aérea;24 Análise da Gestão e da Estrutura da Atual Sociedade dos Cadetes da AeronáuticaAnálise da Gestão e da Estrutura da Atual Sociedade dos Cadetes da AeronáuticaAnálise da Gestão e da Estrutura da Atual Sociedade dos Cadetes da AeronáuticaAnálise da Gestão e da Estrutura da Atual Sociedade dos Cadetes da AeronáuticaAnálise da Gestão e da Estrutura da Atual Sociedade dos Cadetes da AeronáuticaAnálise da Gestão e da Estrutura da Atual Sociedade dos Cadetes da AeronáuticaAnálise da Gestão e da Estrutura da Atual Sociedade dos Cadetes da AeronáuticaAnálise da Gestão e da Estrutura da Atual Sociedade dos Cadetes da AeronáuticaAnálise da Gestão e da Estrutura da Atual Sociedade dos Cadetes da AeronáuticaAnálise da Gestão e da Estrutura da Atual Sociedade dos Cadetes da AeronáuticaAnálise da Gestão e da Estrutura da Atual Sociedade dos Cadetes da AeronáuticaAnálise da Gestão e da Estrutura da Atual Sociedade dos Cadetes da AeronáuticaAnálise da Gestão e da Estrutura da Atual Sociedade dos Cadetes da AeronáuticaAnálise da Gestão e da Estrutura da Atual Sociedade dos Cadetes da Aeronáutica
Poder Militar;Ética e cultura escolar militar;5 O Treinamento Físico Militar para as Cadetes do Sexo Feminino: a importância do treinamento específico.;25 Análise da Gestão e da Estrutura da Atual Sociedade dos Cadetes da AeronáuticaAnálise da Gestão e da Estrutura da Atual Sociedade dos Cadetes da AeronáuticaAnálise da Gestão e da Estrutura da Atual Sociedade dos Cadetes da AeronáuticaAnálise da Gestão e da Estrutura da Atual Sociedade dos Cadetes da AeronáuticaAnálise da Gestão e da Estrutura da Atual Sociedade dos Cadetes da AeronáuticaAnálise da Gestão e da Estrutura da Atual Sociedade dos Cadetes da AeronáuticaAnálise da Gestão e da Estrutura da Atual Sociedade dos Cadetes da AeronáuticaAnálise da Gestão e da Estrutura da Atual Sociedade dos Cadetes da AeronáuticaAnálise da Gestão e da Estrutura da Atual Sociedade dos Cadetes da AeronáuticaAnálise da Gestão e da Estrutura da Atual Sociedade dos Cadetes da AeronáuticaAnálise da Gestão e da Estrutura da Atual Sociedade dos Cadetes da AeronáuticaAnálise da Gestão e da Estrutura da Atual Sociedade dos Cadetes da AeronáuticaAnálise da Gestão e da Estrutura da Atual Sociedade dos Cadetes da AeronáuticaAnálise da Gestão e da Estrutura da Atual Sociedade dos Cadetes da Aeronáutica
Poder Militar;Formação militar, Identidade e éthos militar;5 A Influência dos Fatores Humanos no Sistema Hidráulico do T-27.;26 Análise da Gestão e da Estrutura da Atual Sociedade dos Cadetes da AeronáuticaAnálise da Gestão e da Estrutura da Atual Sociedade dos Cadetes da AeronáuticaAnálise da Gestão e da Estrutura da Atual Sociedade dos Cadetes da AeronáuticaAnálise da Gestão e da Estrutura da Atual Sociedade dos Cadetes da AeronáuticaAnálise da Gestão e da Estrutura da Atual Sociedade dos Cadetes da AeronáuticaAnálise da Gestão e da Estrutura da Atual Sociedade dos Cadetes da AeronáuticaAnálise da Gestão e da Estrutura da Atual Sociedade dos Cadetes da AeronáuticaAnálise da Gestão e da Estrutura da Atual Sociedade dos Cadetes da AeronáuticaAnálise da Gestão e da Estrutura da Atual Sociedade dos Cadetes da AeronáuticaAnálise da Gestão e da Estrutura da Atual Sociedade dos Cadetes da AeronáuticaAnálise da Gestão e da Estrutura da Atual Sociedade dos Cadetes da AeronáuticaAnálise da Gestão e da Estrutura da Atual Sociedade dos Cadetes da AeronáuticaAnálise da Gestão e da Estrutura da Atual Sociedade dos Cadetes da AeronáuticaAnálise da Gestão e da Estrutura da Atual Sociedade dos Cadetes da Aeronáutica
Poder Militar;História e Literatura Militar;5 A Utilização do Método de Custeio Baseado em Atividades para Cálculo do Custo por Aluno: estudo de caso no Curso de Formação de Oficiais Intendentes da Academia da Força Aérea.;27 Análise da Gestão e da Estrutura da Atual Sociedade dos Cadetes da AeronáuticaAnálise da Gestão e da Estrutura da Atual Sociedade dos Cadetes da AeronáuticaAnálise da Gestão e da Estrutura da Atual Sociedade dos Cadetes da AeronáuticaAnálise da Gestão e da Estrutura da Atual Sociedade dos Cadetes da AeronáuticaAnálise da Gestão e da Estrutura da Atual Sociedade dos Cadetes da AeronáuticaAnálise da Gestão e da Estrutura da Atual Sociedade dos Cadetes da AeronáuticaAnálise da Gestão e da Estrutura da Atual Sociedade dos Cadetes da AeronáuticaAnálise da Gestão e da Estrutura da Atual Sociedade dos Cadetes da AeronáuticaAnálise da Gestão e da Estrutura da Atual Sociedade dos Cadetes da AeronáuticaAnálise da Gestão e da Estrutura da Atual Sociedade dos Cadetes da AeronáuticaAnálise da Gestão e da Estrutura da Atual Sociedade dos Cadetes da AeronáuticaAnálise da Gestão e da Estrutura da Atual Sociedade dos Cadetes da AeronáuticaAnálise da Gestão e da Estrutura da Atual Sociedade dos Cadetes da AeronáuticaAnálise da Gestão e da Estrutura da Atual Sociedade dos Cadetes da Aeronáutica
Poder Militar;Estudos linguísticos no contexto militar;31 A Implementação da Navegação Aérea Baseada em Performance no CFOAV;16 Análise da Gestão e da Estrutura da Atual Sociedade dos Cadetes da AeronáuticaAnálise da Gestão e da Estrutura da Atual Sociedade dos Cadetes da AeronáuticaAnálise da Gestão e da Estrutura da Atual Sociedade dos Cadetes da AeronáuticaAnálise da Gestão e da Estrutura da Atual Sociedade dos Cadetes da AeronáuticaAnálise da Gestão e da Estrutura da Atual Sociedade dos Cadetes da AeronáuticaAnálise da Gestão e da Estrutura da Atual Sociedade dos Cadetes da AeronáuticaAnálise da Gestão e da Estrutura da Atual Sociedade dos Cadetes da AeronáuticaAnálise da Gestão e da Estrutura da Atual Sociedade dos Cadetes da AeronáuticaAnálise da Gestão e da Estrutura da Atual Sociedade dos Cadetes da AeronáuticaAnálise da Gestão e da Estrutura da Atual Sociedade dos Cadetes da AeronáuticaAnálise da Gestão e da Estrutura da Atual Sociedade dos Cadetes da AeronáuticaAnálise da Gestão e da Estrutura da Atual Sociedade dos Cadetes da AeronáuticaAnálise da Gestão e da Estrutura da Atual Sociedade dos Cadetes da AeronáuticaAnálise da Gestão e da Estrutura da Atual Sociedade dos Cadetes da Aeronáutica
Administração Pública ;Estado;41 As Consequências da Produção e Utilização de Armas Químicas, com ênfase no Gás Sarin;17 Análise da Gestão e da Estrutura da Atual Sociedade dos Cadetes da AeronáuticaAnálise da Gestão e da Estrutura da Atual Sociedade dos Cadetes da AeronáuticaAnálise da Gestão e da Estrutura da Atual Sociedade dos Cadetes da AeronáuticaAnálise da Gestão e da Estrutura da Atual Sociedade dos Cadetes da AeronáuticaAnálise da Gestão e da Estrutura da Atual Sociedade dos Cadetes da AeronáuticaAnálise da Gestão e da Estrutura da Atual Sociedade dos Cadetes da AeronáuticaAnálise da Gestão e da Estrutura da Atual Sociedade dos Cadetes da AeronáuticaAnálise da Gestão e da Estrutura da Atual Sociedade dos Cadetes da AeronáuticaAnálise da Gestão e da Estrutura da Atual Sociedade dos Cadetes da AeronáuticaAnálise da Gestão e da Estrutura da Atual Sociedade dos Cadetes da AeronáuticaAnálise da Gestão e da Estrutura da Atual Sociedade dos Cadetes da AeronáuticaAnálise da Gestão e da Estrutura da Atual Sociedade dos Cadetes da AeronáuticaAnálise da Gestão e da Estrutura da Atual Sociedade dos Cadetes da AeronáuticaAnálise da Gestão e da Estrutura da Atual Sociedade dos Cadetes da Aeronáutica
Administração Pública ;Organizações e Gestão Pública;42 Integração entre as Forças Armadas para Melhorar as Operações Conjuntas;18 Análise da Gestão e da Estrutura da Atual Sociedade dos Cadetes da AeronáuticaAnálise da Gestão e da Estrutura da Atual Sociedade dos Cadetes da AeronáuticaAnálise da Gestão e da Estrutura da Atual Sociedade dos Cadetes da AeronáuticaAnálise da Gestão e da Estrutura da Atual Sociedade dos Cadetes da AeronáuticaAnálise da Gestão e da Estrutura da Atual Sociedade dos Cadetes da AeronáuticaAnálise da Gestão e da Estrutura da Atual Sociedade dos Cadetes da AeronáuticaAnálise da Gestão e da Estrutura da Atual Sociedade dos Cadetes da AeronáuticaAnálise da Gestão e da Estrutura da Atual Sociedade dos Cadetes da AeronáuticaAnálise da Gestão e da Estrutura da Atual Sociedade dos Cadetes da AeronáuticaAnálise da Gestão e da Estrutura da Atual Sociedade dos Cadetes da AeronáuticaAnálise da Gestão e da Estrutura da Atual Sociedade dos Cadetes da AeronáuticaAnálise da Gestão e da Estrutura da Atual Sociedade dos Cadetes da AeronáuticaAnálise da Gestão e da Estrutura da Atual Sociedade dos Cadetes da AeronáuticaAnálise da Gestão e da Estrutura da Atual Sociedade dos Cadetes da Aeronáutica
Administração Pública ;Análise de Políticas Públicas;43 A FAB e os SARP no século XXI: considerações acerca do emprego no nível tático;19 Análise da Gestão e da Estrutura da Atual Sociedade dos Cadetes da AeronáuticaAnálise da Gestão e da Estrutura da Atual Sociedade dos Cadetes da AeronáuticaAnálise da Gestão e da Estrutura da Atual Sociedade dos Cadetes da AeronáuticaAnálise da Gestão e da Estrutura da Atual Sociedade dos Cadetes da AeronáuticaAnálise da Gestão e da Estrutura da Atual Sociedade dos Cadetes da AeronáuticaAnálise da Gestão e da Estrutura da Atual Sociedade dos Cadetes da AeronáuticaAnálise da Gestão e da Estrutura da Atual Sociedade dos Cadetes da AeronáuticaAnálise da Gestão e da Estrutura da Atual Sociedade dos Cadetes da AeronáuticaAnálise da Gestão e da Estrutura da Atual Sociedade dos Cadetes da AeronáuticaAnálise da Gestão e da Estrutura da Atual Sociedade dos Cadetes da AeronáuticaAnálise da Gestão e da Estrutura da Atual Sociedade dos Cadetes da AeronáuticaAnálise da Gestão e da Estrutura da Atual Sociedade dos Cadetes da AeronáuticaAnálise da Gestão e da Estrutura da Atual Sociedade dos Cadetes da AeronáuticaAnálise da Gestão e da Estrutura da Atual Sociedade dos Cadetes da Aeronáutica
Administração Pública ;Planejamento Governamental;44 Aquisição de veículos blindados de transporte de pessoal pela Aeronáutica: Uma Necessidade?;20 Análise da Gestão e da Estrutura da Atual Sociedade dos Cadetes da AeronáuticaAnálise da Gestão e da Estrutura da Atual Sociedade dos Cadetes da AeronáuticaAnálise da Gestão e da Estrutura da Atual Sociedade dos Cadetes da AeronáuticaAnálise da Gestão e da Estrutura da Atual Sociedade dos Cadetes da AeronáuticaAnálise da Gestão e da Estrutura da Atual Sociedade dos Cadetes da AeronáuticaAnálise da Gestão e da Estrutura da Atual Sociedade dos Cadetes da AeronáuticaAnálise da Gestão e da Estrutura da Atual Sociedade dos Cadetes da AeronáuticaAnálise da Gestão e da Estrutura da Atual Sociedade dos Cadetes da AeronáuticaAnálise da Gestão e da Estrutura da Atual Sociedade dos Cadetes da AeronáuticaAnálise da Gestão e da Estrutura da Atual Sociedade dos Cadetes da AeronáuticaAnálise da Gestão e da Estrutura da Atual Sociedade dos Cadetes da AeronáuticaAnálise da Gestão e da Estrutura da Atual Sociedade dos Cadetes da AeronáuticaAnálise da Gestão e da Estrutura da Atual Sociedade dos Cadetes da AeronáuticaAnálise da Gestão e da Estrutura da Atual Sociedade dos Cadetes da Aeronáutica
Administração Pública ;Finanças Públicas e Controle;45 Os desafios nas atualizações dos vetores de patrulhamento marítimo no Brasil frente ao desenvolvimento mundial;21 Análise da Gestão e da Estrutura da Atual Sociedade dos Cadetes da AeronáuticaAnálise da Gestão e da Estrutura da Atual Sociedade dos Cadetes da AeronáuticaAnálise da Gestão e da Estrutura da Atual Sociedade dos Cadetes da AeronáuticaAnálise da Gestão e da Estrutura da Atual Sociedade dos Cadetes da AeronáuticaAnálise da Gestão e da Estrutura da Atual Sociedade dos Cadetes da AeronáuticaAnálise da Gestão e da Estrutura da Atual Sociedade dos Cadetes da AeronáuticaAnálise da Gestão e da Estrutura da Atual Sociedade dos Cadetes da AeronáuticaAnálise da Gestão e da Estrutura da Atual Sociedade dos Cadetes da AeronáuticaAnálise da Gestão e da Estrutura da Atual Sociedade dos Cadetes da AeronáuticaAnálise da Gestão e da Estrutura da Atual Sociedade dos Cadetes da AeronáuticaAnálise da Gestão e da Estrutura da Atual Sociedade dos Cadetes da AeronáuticaAnálise da Gestão e da Estrutura da Atual Sociedade dos Cadetes da AeronáuticaAnálise da Gestão e da Estrutura da Atual Sociedade dos Cadetes da AeronáuticaAnálise da Gestão e da Estrutura da Atual Sociedade dos Cadetes da Aeronáutica
Administração Pública ;Governança Pública;46 Liderança: Aplicação do método transformacional na formação do cadete da Aeronáutica;22 Análise da Gestão e da Estrutura da Atual Sociedade dos Cadetes da AeronáuticaAnálise da Gestão e da Estrutura da Atual Sociedade dos Cadetes da AeronáuticaAnálise da Gestão e da Estrutura da Atual Sociedade dos Cadetes da AeronáuticaAnálise da Gestão e da Estrutura da Atual Sociedade dos Cadetes da AeronáuticaAnálise da Gestão e da Estrutura da Atual Sociedade dos Cadetes da AeronáuticaAnálise da Gestão e da Estrutura da Atual Sociedade dos Cadetes da AeronáuticaAnálise da Gestão e da Estrutura da Atual Sociedade dos Cadetes da AeronáuticaAnálise da Gestão e da Estrutura da Atual Sociedade dos Cadetes da AeronáuticaAnálise da Gestão e da Estrutura da Atual Sociedade dos Cadetes da AeronáuticaAnálise da Gestão e da Estrutura da Atual Sociedade dos Cadetes da AeronáuticaAnálise da Gestão e da Estrutura da Atual Sociedade dos Cadetes da AeronáuticaAnálise da Gestão e da Estrutura da Atual Sociedade dos Cadetes da AeronáuticaAnálise da Gestão e da Estrutura da Atual Sociedade dos Cadetes da AeronáuticaAnálise da Gestão e da Estrutura da Atual Sociedade dos Cadetes da Aeronáutica
Administração Pública ;Ética e Liderança;51 A liderança e a Motivação na Gestão de Equipes na Produção de Alimentos;23 Análise da Gestão e da Estrutura da Atual Sociedade dos Cadetes da AeronáuticaAnálise da Gestão e da Estrutura da Atual Sociedade dos Cadetes da AeronáuticaAnálise da Gestão e da Estrutura da Atual Sociedade dos Cadetes da AeronáuticaAnálise da Gestão e da Estrutura da Atual Sociedade dos Cadetes da AeronáuticaAnálise da Gestão e da Estrutura da Atual Sociedade dos Cadetes da AeronáuticaAnálise da Gestão e da Estrutura da Atual Sociedade dos Cadetes da AeronáuticaAnálise da Gestão e da Estrutura da Atual Sociedade dos Cadetes da AeronáuticaAnálise da Gestão e da Estrutura da Atual Sociedade dos Cadetes da AeronáuticaAnálise da Gestão e da Estrutura da Atual Sociedade dos Cadetes da AeronáuticaAnálise da Gestão e da Estrutura da Atual Sociedade dos Cadetes da AeronáuticaAnálise da Gestão e da Estrutura da Atual Sociedade dos Cadetes da AeronáuticaAnálise da Gestão e da Estrutura da Atual Sociedade dos Cadetes da AeronáuticaAnálise da Gestão e da Estrutura da Atual Sociedade dos Cadetes da AeronáuticaAnálise da Gestão e da Estrutura da Atual Sociedade dos Cadetes da Aeronáutica
Administração Pública ;Direito;52 A Gestão de Resíduos Sólidos na Seção de Subsistência da Academia da Força Aérea;24 Análise da Gestão e da Estrutura da Atual Sociedade dos Cadetes da AeronáuticaAnálise da Gestão e da Estrutura da Atual Sociedade dos Cadetes da AeronáuticaAnálise da Gestão e da Estrutura da Atual Sociedade dos Cadetes da AeronáuticaAnálise da Gestão e da Estrutura da Atual Sociedade dos Cadetes da AeronáuticaAnálise da Gestão e da Estrutura da Atual Sociedade dos Cadetes da AeronáuticaAnálise da Gestão e da Estrutura da Atual Sociedade dos Cadetes da AeronáuticaAnálise da Gestão e da Estrutura da Atual Sociedade dos Cadetes da AeronáuticaAnálise da Gestão e da Estrutura da Atual Sociedade dos Cadetes da AeronáuticaAnálise da Gestão e da Estrutura da Atual Sociedade dos Cadetes da AeronáuticaAnálise da Gestão e da Estrutura da Atual Sociedade dos Cadetes da AeronáuticaAnálise da Gestão e da Estrutura da Atual Sociedade dos Cadetes da AeronáuticaAnálise da Gestão e da Estrutura da Atual Sociedade dos Cadetes da AeronáuticaAnálise da Gestão e da Estrutura da Atual Sociedade dos Cadetes da AeronáuticaAnálise da Gestão e da Estrutura da Atual Sociedade dos Cadetes da Aeronáutica
Administração Pública ;Auditoria;53 O Treinamento Físico Militar para as Cadetes do Sexo Feminino: a importância do treinamento específico.;25 Análise da Gestão e da Estrutura da Atual Sociedade dos Cadetes da AeronáuticaAnálise da Gestão e da Estrutura da Atual Sociedade dos Cadetes da AeronáuticaAnálise da Gestão e da Estrutura da Atual Sociedade dos Cadetes da AeronáuticaAnálise da Gestão e da Estrutura da Atual Sociedade dos Cadetes da AeronáuticaAnálise da Gestão e da Estrutura da Atual Sociedade dos Cadetes da AeronáuticaAnálise da Gestão e da Estrutura da Atual Sociedade dos Cadetes da AeronáuticaAnálise da Gestão e da Estrutura da Atual Sociedade dos Cadetes da AeronáuticaAnálise da Gestão e da Estrutura da Atual Sociedade dos Cadetes da AeronáuticaAnálise da Gestão e da Estrutura da Atual Sociedade dos Cadetes da AeronáuticaAnálise da Gestão e da Estrutura da Atual Sociedade dos Cadetes da AeronáuticaAnálise da Gestão e da Estrutura da Atual Sociedade dos Cadetes da AeronáuticaAnálise da Gestão e da Estrutura da Atual Sociedade dos Cadetes da AeronáuticaAnálise da Gestão e da Estrutura da Atual Sociedade dos Cadetes da AeronáuticaAnálise da Gestão e da Estrutura da Atual Sociedade dos Cadetes da Aeronáutica